question,answer
"What is the best time to water crops?","The best time to water crops is early in the morning or late in the evening to minimize evaporation."
"How can I improve soil fertility?","You can improve soil fertility by adding organic matter like compost, using cover crops, and practicing crop rotation."
"What are the signs of nitrogen deficiency in plants?","Signs of nitrogen deficiency include yellowing of older leaves (chlorosis) and stunted growth."
"How do I control pests organically?","Organic pest control methods include introducing beneficial insects (like ladybugs), using neem oil, and practicing companion planting."
"What is crop rotation?","Crop rotation is the practice of growing different types of crops in the same area in sequential seasons to improve soil health and reduce pests."
"How much water does wheat need?","Wheat typically requires about 12-15 inches (300-400 mm) of water during its growing season."
"What is the ideal pH for most crops?","Most crops prefer a slightly acidic to neutral pH range of 6.0 to 7.0."
"How do I prevent soil erosion?","Soil erosion can be prevented by planting cover crops, using contour farming, and maintaining vegetative cover."
"What are the benefits of drip irrigation?","Drip irrigation saves water, reduces weed growth, and ensures water is delivered directly to the plant roots."
"When should I harvest corn?","Corn is ready to harvest when the silks turn brown and dry, and the kernels are full and milky when punctured."
"What is hydroponics?","Hydroponics is a method of growing plants without soil, using mineral nutrient solutions in a water solvent."
"How do I treat fungal diseases in crops?","Fungal diseases can be treated using fungicides, improving air circulation, and removing infected plant parts."
"What is the difference between organic and inorganic fertilizer?","Organic fertilizers come from natural sources (plants/animals) and improve soil structure, while inorganic fertilizers are synthetic and provide quick nutrients."
"Why are bees important for farming?","Bees are crucial for pollination, which helps many crops produce fruits and seeds."
"What is sustainable agriculture?","Sustainable agriculture focuses on producing food in a way that protects the environment, supports farming communities, and ensures animal welfare."
"How do I test my soil pH?","You can test soil pH using a home testing kit or by sending a sample to a local agricultural extension service."
"What crops grow best in sandy soil?","Crops like carrots, potatoes, radishes, and corn grow well in sandy soil due to good drainage."
"What is mulching?","Mulching involves covering the soil surface with organic or inorganic materials to retain moisture, suppress weeds, and regulate soil temperature."
"How do I manage weeds without chemicals?","You can manage weeds by hand weeding, mulching, using cover crops, and practicing crop rotation."
"What is the NPK ratio?","The NPK ratio represents the percentage of Nitrogen (N), Phosphorus (P), and Potassium (K) in a fertilizer."
question,answer
What is the best time to water crops?,Early morning or late evening is best to reduce water loss from evaporation.
How often should crops be watered?,Watering depends on crop type soil and weather but most crops need consistent moisture not flooding.
How can I improve soil fertility?,Add compost manure use crop rotation and apply balanced fertilizers.
What are the signs of nitrogen deficiency?,Yellowing of older leaves slow growth and small leaves.
How do I control pests naturally?,Use neem oil introduce beneficial insects and practice companion planting.
What is crop rotation?,Growing different crops in the same field in different seasons to improve soil health.
What is mulching?,Covering soil with organic material to retain moisture and reduce weeds.
Why is soil testing important?,It helps determine nutrients and pH needed for better crop growth.
What is the ideal soil pH for crops?,Most crops grow best in soil pH between 6.0 and 7.0.
How can I prevent soil erosion?,Use cover crops contour farming and planting grass barriers.
What crops grow well in sandy soil?,Carrots potatoes onions peanuts and watermelon.
What crops grow well in clay soil?,Rice broccoli cabbage and beans grow well in clay soil.
What is compost?,Decomposed organic matter used to improve soil fertility.
How much water does maize need?,Maize needs about 500–800 mm of water during the growing season.
When should maize be harvested?,When husks turn brown and kernels are firm and milky.
What is drip irrigation?,A method that delivers water directly to plant roots slowly.
What are the benefits of drip irrigation?,It saves water improves yield and reduces weeds.
What is organic farming?,Farming without synthetic chemicals using natural methods.
What is sustainable agriculture?,Farming that protects the environment and supports future generations.
Why is crop diversity important?,It reduces pests diseases and improves soil health.
What is greenhouse farming?,Growing crops inside controlled structures to protect from weather.
What is hydroponics?,Growing plants without soil using nutrient-rich water.
What nutrients do plants need?,Nitrogen phosphorus potassium calcium magnesium and micronutrients.
What is the NPK ratio?,It shows the percentage of nitrogen phosphorus and potassium in fertilizer.
What causes leaf yellowing?,Nutrient deficiency poor drainage pests or disease.
How do I treat fungal diseases?,Improve airflow remove infected plants and apply fungicides.
What are common crop pests?,Aphids caterpillars beetles and mites.
Why is spacing important in crops?,Proper spacing prevents disease and improves yield.
What is intercropping?,Growing two or more crops together for better productivity.
What is farmyard manure?,Animal waste used as organic fertilizer.
How do weeds affect crops?,They compete for nutrients water and sunlight.
How can I control weeds naturally?,Mulching hand weeding and cover crops.
What is precision farming?,Using technology to optimize farming practices.
What is seed germination?,The process where a seed sprouts into a plant.
What are hybrid seeds?,Seeds produced by crossing two plant varieties.
What is irrigation?,Supplying water to crops artificially.
What are rainfed crops?,Crops grown using natural rainfall only.
What crops need less water?,Millets sorghum groundnuts and pulses.
What is waterlogging?,Excess water in soil that damages crop roots.
How do I prevent waterlogging?,Improve drainage and avoid over-irrigation.
What is soil texture?,The proportion of sand silt and clay in soil.
Why is organic matter important?,It improves soil fertility structure and water retention.
What is a cover crop?,Crops grown to protect and improve soil.
What is post-harvest loss?,Crop loss after harvesting due to pests or poor storage.
How can I reduce post-harvest loss?,Proper storage drying and pest control.
What is crop disease?,A condition caused by fungi bacteria or viruses.
How do I identify plant disease?,Look for spots wilting discoloration or unusual growth.
What is fertilizer?,A substance that provides nutrients to plants.
When should fertilizer be applied?,During land preparation and important growth stages.
What is basal fertilizer?,Fertilizer applied before planting.
What is top dressing?,Applying fertilizer after crops start growing.
What is soil salinity?,Excess salt in soil affecting crop growth.
How do I reduce soil salinity?,Improve drainage use gypsum and proper irrigation.
Why are bees important?,They help pollinate crops increasing yield.
What is pollination?,Transfer of pollen from flower to flower for seed formation.
What is plant pruning?,Removing unwanted plant parts to improve growth.
What is crop maturity?,Stage when crops are ready for harvest.
What are micronutrients?,Nutrients needed in small amounts like zinc and iron.
How do I treat nutrient deficiency?,Apply required fertilizers and soil amendments.
What is fallow land?,Land left uncultivated to restore fertility.
What is farm mechanization?,Using machines to improve farm efficiency.
What is seed rate?,Amount of seed needed per acre or hectare.
Why is crop rotation beneficial?,It improves soil nutrients and reduces pests.
What is mixed cropping?,Growing multiple crops together in one field.
What is organic pesticide?,Pest control made from natural materials.
What is soil moisture?,Amount of water present in soil.
How do I conserve soil moisture?,Mulching proper irrigation and reduced tillage.
What is harvesting?,Cutting and collecting mature crops.
What is storage pest?,Insects that destroy stored grains.
How do I control storage pests?,Use dry storage airtight containers and natural repellents.
What is farm sustainability?,Maintaining long-term productivity without harming nature.
What is agroforestry?,Integrating trees and shrubs into farming systems.