Crop,Introduction,Materials Required,Preparation Steps,Planting Procedure,Growth Stages and Care,Special Care During Growth Stages,Harvesting Process,Post-Harvest Management and Storage,Challenges and Solutions
Rice,"Rice (Oryza sativa) is a staple food crop and one of the most widely consumed cereals in the world. It is grown mainly in tropical and subtropical regions, particularly in Asia. Rice is rich in carbohydrates and is an essential part of many diets globally. The plant grows best in flooded conditions, although some varieties are adapted to drier soils.","High-quality rice seeds from reputable suppliers, balanced fertilizers containing nitrogen, phosphorus, and potassium, irrigation systems (flooding, drip, sprinkler), insecticides and fungicides for controlling pests, hand tools (pruning shears, hoes) or tractors for large-scale operations.","Rice grows best in well-drained, loamy soils with a pH of 5.5 to 7.0. It prefers soils that can be flooded. Prepare the field by tilling and leveling the soil. Rice paddies are flooded with 5-10 cm of water before planting.",Planting time: The best time to plant rice is during the rainy season or when temperatures are consistently warm and water availability is sufficient. Row Spacing: Space rows 20-25 cm apart. Plant Spacing: Space plants 20-25 cm apart. Planting Depth: Plant seeds 2-3 cm deep.,"Rice requires consistent moisture, particularly during germination, flowering, and grain filling. Flood the field to 5-10 cm during the growing season. Apply nitrogen-based fertilizers during early growth and phosphorus and potassium for better grain filling.",Seedling Stage: Protect young rice plants from pests and ensure they receive adequate moisture for root establishment. Vegetative Stage: Apply sufficient nitrogen for healthy growth. Flowering and Grain-Filling: Ensure consistent moisture and nutrients for optimal grain development.,"Optimal Harvest Time: Rice is ready for harvest when the plants turn yellow, and the grains are mature. Harvesting Techniques: Cut the rice plants just above the ground using a sickle or mechanical harvester.","Storage Conditions: Store rice in a cool, dry place to prevent spoilage. Processing: Rice can be milled to produce white rice, brown rice, or rice flour. Packaging: Pack rice in breathable bags or containers to prevent spoilage.","Challenges: Susceptibility to pests like rice weevils and planthoppers, diseases like rice blast and bacterial leaf blight. Solutions: Use disease-resistant varieties, implement IPM strategies, and ensure proper irrigation management."
Maize,"Maize (Zea mays), commonly known as corn, is one of the most important staple crops worldwide. It is widely used for food, fodder, and industrial products. Maize requires a warm growing season with plenty of sunlight and is adaptable to various soil types as long as there is adequate drainage.","High-quality maize seeds (hybrid or open-pollinated varieties depending on local conditions), nitrogen-rich fertilizers, irrigation systems (drip or sprinkler), pest control (insecticides and fungicides), and tools (seed drills, plows, harvesters).","Maize prefers well-drained, fertile loamy soils with a pH range of 5.8 to 7.0. Conduct soil tests to determine nutrient levels and pH. Incorporate organic matter to enhance soil structure. Prepare the soil by tilling and leveling the field.","Planting time: The best time to plant maize is during the early part of the growing season when the soil temperature is consistently above 10°C. Row Spacing: Space rows 70-90 cm apart to provide adequate room for plant growth. Seed Spacing: Space seeds 20-30 cm apart within the rows, depending on the variety.","Maize requires regular watering, especially during the vegetative and reproductive stages. Irrigate weekly if rainfall is insufficient, with about 1-2 inches of water per week. Apply nitrogen fertilizer in the early stages of growth to promote healthy leaf development.",Vegetative Stage: Ensure the plants receive adequate nutrients and water during the vegetative stage. Flowering and Pollination: Ensure consistent moisture during flowering and pollination.,Optimal Harvest Time: Maize is typically ready for harvest when the kernels are fully matured and the husks are dry. Harvesting Techniques: Use a combine harvester or hand-pick the ears of maize.,"Storage Conditions: Store maize in a cool, dry, and well-ventilated area to prevent mold growth. Processing: Maize can be processed into maize flour, cornmeal, tortillas, and animal feed.","Challenges: Susceptibility to pests like maize borers and aphids, drought stress during critical growth stages. Solutions: Implement crop rotation, IPM strategies, and use drought-resistant varieties or improved irrigation techniques."
chickpea,Chickpeas (Cicer arietinum) are an important pulse crop grown for their high protein content. They are commonly used in cooking and are a staple food in many parts of the world. Chickpeas grow best in semi-arid conditions and prefer well-drained soils with good fertility.,"High-quality chickpea seeds (either desi or kabuli varieties depending on the region), phosphorus-rich fertilizers, irrigation systems (drip or sprinkler), pest control (herbicides and pesticides), and tools (hand tools or tractors for planting and maintenance).","Chickpeas grow best in well-drained, sandy loam to clay loam soils with a pH between 6.0 and 7.5. Prepare the soil by tilling to create a fine seedbed. Ensure good drainage to avoid waterlogging.","The best time to plant chickpeas is in early spring, just after the last frost. Row Spacing: Space rows 45-60 cm apart. Seed Spacing: Space seeds 5-8 cm apart within the rows. Planting Depth: Plant seeds 3-5 cm deep depending on soil moisture.",Chickpeas are drought-tolerant but need sufficient moisture during flowering and pod development. Provide 1 inch of water per week if rainfall is insufficient. Apply phosphorus at planting for healthy root growth.,"Vegetative Stage: Ensure the plants are receiving adequate nutrients, especially phosphorus. Flowering and Pod-Filling: Ensure consistent moisture during flowering and pod development.",Optimal Harvest Time: Chickpeas are ready for harvest when the pods turn yellow and dry. Harvesting Techniques: Use hand tools or combine harvesters to remove the plants from the field.,"Storage Conditions: Store chickpeas in a dry, cool, and well-ventilated area. Processing: Chickpeas can be processed into flour, snacks, or animal feed.","Challenges: Prone to pests like aphids, pod borers, and diseases like wilt. Solutions: Use disease-resistant varieties, implement IPM practices, and ensure irrigation during critical growth stages."
kidneybeans ,"Kidney beans (Phaseolus vulgaris) are an important legume crop known for their high protein and fiber content. They are widely used in various cuisines around the world, particularly in soups, stews, and salads. Kidney beans thrive in warm climates and well-drained soils.","High-quality kidney bean seeds that are disease-resistant and suited to local climatic conditions, phosphorus and potassium-rich fertilizers, drip or furrow irrigation systems, pest control (insecticides and fungicides), hand tools (shovels, hoes, seeders).","Kidney beans grow best in well-drained, fertile loamy soils with a pH of 6.0 to 7.5. Conduct soil tests to determine nutrient levels and amend the soil with organic matter if necessary. Till the soil to break up compaction and create a fine seedbed.","The best time to plant kidney beans is during the warm season, typically after the last frost. Row Spacing: Space rows 30-45 cm apart. Seed Spacing: Space seeds 5-10 cm apart. Planting Depth: Plant seeds 3-5 cm deep.","Kidney beans need consistent moisture, particularly during flowering and pod-filling stages. Irrigate deeply but avoid over-watering. Apply phosphorus and potassium fertilizers at planting and during mid-season.","Vegetative Stage: Ensure the plants receive adequate nutrients, especially phosphorus. Flowering and Pod-Filling: Ensure consistent moisture during flowering and pod development.","Optimal Harvest Time: Kidney beans are ready for harvest when the pods turn yellow or brown, and the beans inside rattle when shaken. Harvesting Techniques: Beans can be harvested by hand or with a combine harvester.","Storage Conditions: Store kidney beans in a cool, dry, and well-ventilated area. Processing: Kidney beans can be processed into canned products, flour, or used as a base for soups and stews.","Challenges: Susceptibility to pests like aphids, diseases like rust and blight, drought stress, and poor soil drainage. Solutions: Use disease-resistant varieties, apply IPM practices, and ensure proper irrigation during dry periods."
pigeonpeas,"Pigeon peas (Cajanus cajan) are a leguminous crop grown for their high-protein seeds, which are used in a variety of culinary dishes around the world. Pigeon peas are hardy, drought-resistant plants that are well-suited to tropical and subtropical climates. They play a crucial role in improving soil fertility through nitrogen fixation.","High-quality pigeon pea seeds that are disease-resistant and suitable for your region's climate, phosphorus and potassium-rich fertilizers, drip or sprinkler irrigation systems, pest control (insecticides and fungicides), hand tools (shovels, hoes, rakes).","Pigeon peas grow best in well-drained, sandy loam or clay loam soils with a pH of 6.0 to 7.5. Conduct soil tests to determine nutrient levels. Add organic matter to improve soil structure, moisture retention, and fertility. Till the soil to create a fine seedbed and ensure proper drainage.",Planting time: Pigeon peas should be planted during the rainy season or when the soil temperature reaches 20°C to 30°C. Row Spacing: Space rows 60-75 cm apart. Seed Spacing: Space seeds 20-30 cm apart. Planting Depth: Plant seeds 2-5 cm deep.,"Pigeon peas are drought-tolerant but require consistent moisture during flowering and pod-filling stages. Irrigate deeply, especially during dry spells. Apply phosphorus at planting and potassium during the growing season for optimal yield.","Vegetative Stage: Ensure plants receive adequate nutrients, particularly phosphorus. Flowering and Pod-Filling: Ensure consistent moisture during flowering and pod development to maximize yield.",Optimal Harvest Time: Pigeon peas are ready for harvest when the pods are fully mature and dry. Harvesting Techniques: Harvest by hand or with combine harvesters. Cut plants at the base and collect pods.,"Storage Conditions: Store pigeon peas in a cool, dry, and well-ventilated area to prevent spoilage. Processing: Pigeon peas can be processed into flour, canned products, or animal feed.","Challenges: Susceptibility to pests like aphids, pod borers, and root-feeding insects, as well as fungal diseases like blight and rust. Solutions: Use disease-resistant varieties, implement IPM strategies, and ensure proper irrigation during dry periods."
mothbeans,"Moth beans (Vigna aconitifolia) are drought-tolerant legumes that thrive in arid and semi-arid regions. They are grown primarily in India and other parts of South Asia, where they are a vital source of protein and other nutrients. Moth beans are a staple crop for smallholder farmers due to their ability to withstand harsh climates.","High-quality moth bean seeds that are disease-resistant and suited to local climatic conditions, phosphorus and potassium-rich fertilizers, drip or furrow irrigation systems, pest control (insecticides and fungicides), hand tools (shovels, hoes, rakes).",Moth beans grow best in sandy loam to clay loam soils with good drainage and a pH of 6.0 to 7.5. Conduct soil tests to determine nutrient levels and amend the soil with organic matter. Till the soil to create a fine seedbed and ensure proper drainage.,Planting time: Moth beans should be planted during the rainy season or when the soil has warmed up. Row Spacing: Space rows 30-45 cm apart. Seed Spacing: Space seeds 5-10 cm apart. Planting Depth: Plant seeds 3-5 cm deep.,"Moth beans are drought-tolerant once established, but they need adequate moisture during flowering and pod-filling stages. Water deeply, especially during dry spells. Apply phosphorus and potassium during planting and mid-season.","Seedling Stage: Protect young plants from extreme weather and pests. Vegetative Stage: Ensure plants receive adequate nutrients, particularly phosphorus. Flowering and Pod-Filling: Ensure consistent moisture during flowering and pod development.","Optimal Harvest Time: Moth beans are ready for harvest when the pods turn brown and dry, typically 2-3 months after planting. Harvesting Techniques: Harvest by hand or with mechanical harvesters. Remove the plants from the base and collect the pods.","Storage Conditions: Store moth beans in a cool, dry, and well-ventilated area. Processing: Moth beans can be processed into flour, snacks, or animal feed.","Challenges: Susceptibility to pests like aphids, cutworms, and pod borers. Solutions: Use disease-resistant varieties, apply IPM strategies, and ensure proper irrigation during dry periods."
mungbean,"Mung beans (Vigna radiata) are small, green legumes that are rich in protein and essential nutrients. They are widely cultivated across Asia, Africa, and other parts of the world. Mung beans are used in a variety of dishes, including soups, salads, and snacks, and are valued for their quick growth cycle and nutritional benefits.","High-quality mung bean seeds that are disease-resistant and suited to local climatic conditions, minimal nitrogen fertilizers, phosphorus and potassium-rich fertilizers, drip or furrow irrigation systems, pest control (insecticides and fungicides), hand tools (shovels, hoes, rakes).","Mung beans prefer well-drained, fertile loamy soils with a pH range of 6.0 to 7.5. Prepare the soil by tilling and breaking up compacted layers to create a fine seedbed. Incorporate organic matter to improve soil structure and fertility.",Planting time: Mung beans grow best when the soil temperature is between 18°C and 30°C. Row Spacing: Space rows 30-40 cm apart. Seed Spacing: Space seeds 5-7 cm apart within the rows. Planting Depth: Plant seeds 2-3 cm deep.,"Mung beans require consistent moisture during germination, flowering, and pod-filling stages. Water deeply but avoid over-watering. Apply organic compost at planting and use balanced fertilizers for optimal growth.","Seedling Stage: Protect young seedlings from pests and ensure they receive adequate moisture. Vegetative Stage: Ensure plants receive adequate nutrients, particularly phosphorus. Flowering and Pod-Filling: Ensure consistent moisture during flowering and pod development.",Optimal Harvest Time: Mung beans are ready for harvest when the pods turn yellow and dry. Harvesting Techniques: Harvest by hand or with mechanical harvesters. Thresh the pods to separate the seeds.,"Storage Conditions: Store mung beans in a cool, dry, and well-ventilated area to prevent spoilage. Processing: Mung beans can be processed into flour, sprouted, or used as animal feed.","Challenges: Susceptibility to pests such as aphids and whiteflies, and fungal diseases like powdery mildew. Solutions: Use disease-resistant varieties, apply IPM strategies, and ensure proper irrigation during flowering and pod formation."
blackgram,"Black gram (Vigna mungo) is a highly nutritious legume, rich in protein and commonly used in various culinary dishes. It is grown widely in South Asia and is also known as urad dal. Black gram is well-suited for tropical climates and is particularly beneficial for crop rotation due to its nitrogen-fixing ability.","High-quality black gram seeds that are disease-resistant and suited to local climatic conditions, minimal nitrogen fertilizers, phosphorus and potassium-rich fertilizers, drip irrigation or furrow irrigation systems, pest control (insecticides and fungicides), hand tools (shovels, hoes, rakes).","Black gram prefers well-drained, loamy soils with a pH range of 6.0 to 7.5. Conduct soil tests to determine nutrient levels. Incorporate organic matter to improve soil fertility. Till the soil to create a fine seedbed.","The best time to plant black gram is during the warm season, after the last frost. Row Spacing: Space rows 30-45 cm apart. Seed Spacing: Space seeds 5-10 cm apart. Planting Depth: Plant seeds 2-5 cm deep.","Black gram requires regular watering, especially during the vegetative and flowering stages. Water deeply but avoid waterlogging, which can lead to root rot. Apply phosphorus and potassium fertilizers at planting and mid-season for optimal growth.","Seedling Stage: Protect young seedlings from extreme weather conditions. Vegetative Stage: Ensure the plants receive adequate nutrients, especially phosphorus. Flowering and Pod-Filling: Ensure consistent moisture during flowering and pod development.",Optimal Harvest Time: Black gram is ready for harvest when the pods are fully matured and dry. Harvesting Techniques: Harvest by hand or use combine harvesters. Remove plants from the base and collect pods.,"Storage Conditions: Store black gram in a dry, cool, and well-ventilated area to prevent spoilage. Processing: Black gram can be processed into dals, flour, or used in various food preparations.","Challenges: Susceptibility to pests like aphids and diseases like blight, moisture stress during flowering and pod development. Solutions: Use disease-resistant varieties, apply IPM strategies, and ensure proper irrigation during critical growth stages."
lentil,"Lentils (Lens culinaris) are one of the oldest and most widely cultivated legume crops, valued for their high protein and fiber content. They are commonly used in soups, stews, and salads and are a staple food in many parts of the world. Lentils are hardy and grow well in temperate climates.","High-quality lentil seeds that are disease-resistant and adapted to the local environment, minimal nitrogen fertilizers, phosphorus and potassium-rich fertilizers, drip or furrow irrigation systems, pest control (insecticides and fungicides), hand tools (shovels, hoes, rakes).","Lentils grow best in light, well-drained soils with a pH of 6.0 to 7.5. Sandy loam or loamy soils are preferred. Prepare the soil by tilling and creating a fine seedbed. Incorporate organic matter to improve soil structure and fertility.",Planting time: Lentils grow best when the soil temperature is between 10°C and 25°C. Row Spacing: Space rows 30-45 cm apart. Seed Spacing: Space seeds 2-5 cm apart within the rows. Planting Depth: Plant seeds 2-3 cm deep.,"Lentils require regular watering, especially during the flowering and pod-filling stages. Water deeply but avoid over-watering to prevent root rot. Apply phosphorus at planting and potassium during the growing season for optimal growth.",Seedling Stage: Protect young seedlings from extreme weather and pests. Vegetative Stage: Ensure the plants receive sufficient nutrients and water. Flowering and Pod-Filling: Ensure consistent moisture during flowering and pod development to maximize yield.,"Optimal Harvest Time: Lentils are ready for harvest when the pods turn dry, and the seeds rattle inside. Harvesting Techniques: Harvest by hand or with mechanical harvesters. Thresh the pods to separate the seeds.","Storage Conditions: Store lentils in a cool, dry, and well-ventilated area. Processing: Lentils can be processed into dals, flour, or used in various food preparations.","Challenges: Susceptibility to pests like aphids and diseases like rust and blight. Solutions: Use disease-resistant varieties, apply IPM strategies, and ensure proper irrigation during flowering and pod formation."
Pomegranate,"Pomegranates (Punica granatum) are fruit-bearing deciduous shrubs or small trees grown primarily in arid and semi-arid regions. They are highly valued for their sweet and tangy red seeds, which are rich in antioxidants and vitamins. Pomegranates thrive in warm climates and are popular in both fresh consumption and as juice.","High-quality pomegranate seedlings or grafted varieties, balanced fertilizers containing nitrogen, phosphorus, and potassium, drip irrigation systems, pest control (insecticides, fungicides, organic pest management), hand tools (pruning shears, hoes, shovels), tractors for large-scale operations.","Pomegranates grow best in well-drained, sandy loam or loamy soils with a pH of 5.5 to 7.5. Prepare the soil by tilling and breaking up compacted layers. Add organic compost to improve soil structure and fertility. Form raised beds for drainage.","Planting time: The best time to plant pomegranates is during early spring, after the last frost. Row Spacing: Space rows 5-6 meters apart. Plant Spacing: Space plants 3-4 meters apart in rows. Planting Depth: Dig holes wide enough to accommodate the root system.","Pomegranates require regular watering, especially during flowering and fruit set. They are drought-tolerant but benefit from irrigation during dry spells. Water deeply but avoid waterlogging.","Seedling Stage: Protect young plants from extreme weather and pests. Vegetative Stage: Ensure plants receive adequate nutrients, particularly during dry spells. Flowering and Fruit Development: Prune trees to improve air circulation and ensure consistent moisture.",Optimal Harvest Time: Pomegranates are ready for harvest when the fruit turns red and the skin becomes hard. Harvesting Techniques: Use pruning shears to cut the fruit from the tree.,"Storage Conditions: Store pomegranates in a cool, dry place. Processing: Pomegranates can be processed into juice or dried seeds.","Challenges: Susceptibility to pests like aphids, whiteflies, and mealybugs. Solutions: Use disease-resistant varieties, apply IPM strategies, and ensure proper irrigation during flowering and fruit set."
Banana,"Bananas (Musa spp.) are one of the most widely consumed fruits worldwide. They are grown primarily in tropical and subtropical regions and are rich in essential nutrients such as potassium, fiber, and vitamins. Bananas are widely used in both fresh consumption and processed products like banana chips, purees, and beverages.","Healthy banana suckers or tissue-cultured plantlets, balanced fertilizers containing nitrogen, phosphorus, and potassium, drip irrigation systems, insecticides and fungicides to manage pests, hand tools (pruning shears, hoes, shovels), tractors for large-scale operations.","Bananas grow best in deep, well-drained, and fertile soils with a pH of 5.5 to 7.0. Conduct soil tests and add organic compost to improve soil structure and fertility. Form raised beds or ridges to improve drainage.",Planting time: The best time to plant bananas is at the beginning of the rainy season or during the warmer months. Row Spacing: Space rows 8-10 feet apart. Plant Spacing: Space plants 8-10 feet apart. Planting Depth: Dig holes wide enough to accommodate the root system.,"Bananas require consistent moisture. During dry periods, provide 1-2 inches of water per week. Water deeply but avoid waterlogging. Apply a balanced fertilizer to support healthy growth and fruit production.","Seedling Stage: Protect young plants from extreme weather conditions and pests. Vegetative Stage: Ensure plants receive adequate nutrients, especially potassium. Flowering and Fruit Development: Ensure consistent moisture during flowering and fruit set to maximize yield.","Optimal Harvest Time: Bananas are ready for harvest when the fruit turns yellow, and the skin becomes firm. Harvesting Techniques: Use pruning shears to cut the entire bunch of bananas.","Storage Conditions: Store bananas in a cool, dry place. Processing: Bananas can be processed into chips, purees, or dried for long-term storage.","Challenges: Susceptibility to pests like banana weevils, aphids, fruit flies, and diseases like Panama disease and leaf spot. Solutions: Use disease-resistant varieties, apply IPM strategies, and ensure proper irrigation during flowering and fruit set."
Mango,"Mangoes (Mangifera indica) are one of the most popular tropical fruits globally, known for their sweet, juicy flesh and nutritional value. Mangoes are rich in vitamins A and C, and they thrive in tropical and subtropical climates. They are grown primarily for fresh consumption, as well as in processed products like juices, dried fruit, and chutneys.","Healthy mango seedlings or grafted varieties, balanced fertilizers containing nitrogen, phosphorus, and potassium, drip irrigation systems, insecticides and fungicides to manage pests, hand tools (pruning shears, hoes, shovels), tractors for large-scale operations.","Mangoes grow best in well-drained, sandy loam or loamy soils with a pH of 5.5 to 7.5. Conduct soil tests and add organic compost to improve soil structure and fertility. Form raised beds or ridges to improve drainage.",Planting time: The best time to plant mangoes is during the beginning of the rainy season or after the last frost. Row Spacing: Space rows 8-10 meters apart. Plant Spacing: Space plants 6-8 meters apart. Planting Depth: Dig holes wide enough to accommodate the root system.,"Mango trees require regular watering, especially during flowering and fruit set. They are drought-tolerant but benefit from irrigation during dry spells. Water deeply but avoid waterlogging.","Seedling Stage: Protect young trees from extreme weather and pests. Vegetative Stage: Ensure trees receive adequate nutrients, particularly potassium. Flowering and Fruit Development: Ensure consistent moisture during flowering and fruit set to maximize yield.","Optimal Harvest Time: Mangoes are ready for harvest when the fruit turns yellow, and the skin becomes firm. Harvesting Techniques: Use pruning shears to cut the fruit from the tree.","Storage Conditions: Store mangoes in a cool, dry place. Processing: Mangoes can be processed into juices, jams, dried fruit, or frozen.","Challenges: Susceptibility to pests like fruit flies, aphids, mealybugs, and diseases like anthracnose and powdery mildew. Solutions: Use disease-resistant varieties, apply IPM strategies, and ensure proper irrigation during flowering and fruit set."
Grapes,"Grapes (Vitis vinifera) are one of the oldest cultivated fruits, widely grown for fresh consumption, raisins, and wine production. They are rich in vitamins, antioxidants, and other nutrients beneficial for health. Grapes grow best in temperate climates and are an important crop in many countries.","High-quality grapevine cuttings or grafted plants, balanced fertilizers containing nitrogen, phosphorus, and potassium, drip irrigation systems, insecticides and fungicides for controlling pests, hand tools (pruning shears, hoes, rakes), mechanical pruners and harvesters for large-scale operations.","Grapes grow best in well-drained, loamy soils with a pH range of 6.0 to 7.5. Sandy loam is ideal. Prepare the soil by tilling and breaking up compacted layers. Add organic compost to improve soil structure and fertility. Create raised beds for drainage.","Planting time: The best time to plant grapes is in early spring, after the last frost. Row Spacing: Space rows 2.5-3 meters apart. Vine Spacing: Space vines 1.5-2 meters apart. Planting Depth: Dig a hole large enough to accommodate the root system. The graft union should be above the soil.","Grapes require moderate watering, especially during flowering and fruit set. They are drought-tolerant but need consistent moisture during key growth stages. Water deeply but avoid over-watering, as grapes do not tolerate waterlogged soils.","Seedling Stage: Protect young vines from extreme weather and pests. Vegetative Stage: Provide sufficient nutrients and water, particularly potassium. Flowering and Fruit Development: Ensure consistent moisture during flowering and fruit set for optimal fruit quality and yield.",Optimal Harvest Time: Grapes are ready for harvest when the berries are fully ripe and the desired sugar content is achieved. Harvesting Techniques: Use pruning shears to cut the bunches from the vine. Handle the grapes gently to avoid bruising.,"Storage Conditions: Store grapes in a cool, dry place at temperatures between 0°C and 4°C. Processing: Grapes can be processed into wine, raisins, juices, or jams. Packaging: Use breathable containers for transport and storage.","Challenges: Susceptibility to pests like aphids, fruit flies, and diseases like powdery mildew and botrytis. Solutions: Implement IPM strategies, use disease-resistant varieties, and ensure proper irrigation during critical growth stages."
Watermelon,"Watermelons (Citrullus lanatus) are large, juicy fruits known for their sweet, refreshing flavor. They are packed with water and are rich in vitamins A and C. Watermelons are grown primarily for fresh consumption and can be used in juices, salads, and desserts.","High-quality watermelon seeds, balanced fertilizers containing nitrogen, phosphorus, and potassium, drip irrigation systems, insecticides and fungicides to manage pests, hand tools (shovels, hoes, rakes), mechanical harvesters for larger-scale operations.","Watermelons grow best in well-drained, sandy loam or loamy soils with a pH of 6.0 to 7.0. Prepare the soil by tilling and breaking up compacted layers to create a fine seedbed. Add organic compost to improve soil structure.",Planting time: The best time to plant watermelon is in late spring or early summer when the soil temperature is above 18°C. Row Spacing: Space rows 2.5-3 meters apart. Seed Spacing: Space seeds 1-2 meters apart. Planting Depth: Plant seeds 2-3 cm deep.,"Watermelons require consistent moisture, particularly during germination, flowering, and fruit development. Water deeply but avoid waterlogging. Apply balanced fertilizers in stages, focusing on nitrogen in early growth and phosphorus/potassium during fruiting.","Seedling Stage: Protect young plants from extreme weather and pests. Vegetative Stage: Ensure the plants receive adequate nutrients and water, particularly potassium. Flowering and Fruit Development: Ensure consistent moisture during flowering and fruit set to maximize yield.","Optimal Harvest Time: Watermelons are ready for harvest when the skin becomes firm, the color changes, and the fruit sounds hollow when tapped. Harvesting Techniques: Use pruning shears to cut the fruit from the vine.","Storage Conditions: Store watermelons at room temperature until they ripen. Once ripe, store in a cool, dry place for up to two weeks. Processing: Watermelons can be processed into juice, sorbet, or dried for later use.","Challenges: Susceptibility to pests like aphids and fruit flies, diseases like powdery mildew, inconsistent moisture. Solutions: Use disease-resistant varieties, implement IPM, and ensure proper irrigation during critical growth stages."
Muskmelon,"Muskmelons (Cucumis melo) are sweet, fragrant fruits that belong to the cucumber family. They are widely cultivated in tropical and subtropical regions. Muskmelons are rich in water, vitamins A and C, and are known for their refreshing taste.","High-quality muskmelon seeds, balanced fertilizers containing nitrogen, phosphorus, and potassium, drip irrigation systems, insecticides and fungicides to manage pests, hand tools (shovels, hoes, rakes), mechanical harvesters for large-scale operations.","Muskmelons grow best in well-drained, sandy loam or loamy soils with a pH of 6.0 to 7.5. Prepare the soil by tilling and breaking up compacted layers. Add organic compost to improve soil structure.","Planting time: The best time to plant muskmelons is in late spring to early summer, when the soil temperature reaches at least 18°C. Row Spacing: Space rows 2.5-3 meters apart. Seed Spacing: Space seeds 1-1.5 meters apart. Planting Depth: Plant seeds 2-3 cm deep.","Muskmelons require consistent moisture, particularly during germination, flowering, and fruit development. Water deeply but avoid waterlogging. Apply balanced fertilizers in stages, focusing on nitrogen in early growth and phosphorus/potassium during fruiting.","Seedling Stage: Protect young plants from extreme weather and pests. Vegetative Stage: Ensure plants receive adequate nutrients, particularly potassium. Flowering and Fruit Development: Ensure consistent moisture during flowering and fruit set to maximize yield.","Optimal Harvest Time: Muskmelons are ready for harvest when the fruit is fully ripe, and the skin color has changed. Harvesting Techniques: Cut the fruit from the vine using a sharp knife or pruning shears.","Storage Conditions: Store muskmelons at room temperature until they are fully ripe. Once ripe, they can be stored in a cool, dry place for up to two weeks. Processing: Muskmelons can be processed into juice, jams, or dried fruit for later use.","Challenges: Susceptibility to pests such as aphids and fruit flies, diseases like powdery mildew, and inconsistent moisture during the growing season. Solutions: Use disease-resistant varieties, implement IPM strategies, and ensure proper irrigation practices."
Apple,"Apples (Malus domestica) are one of the most popular fruits worldwide, appreciated for their taste, versatility, and nutritional value. They are grown in temperate climates and have various varieties suited for fresh consumption or processing (juice, cider, etc.). Apples thrive best in well-drained soils with good air circulation and require a period of dormancy (winter) to fruit properly.","Quality apple tree seedlings or grafted varieties from reputable nurseries, balanced fertilizers containing nitrogen, phosphorus, and potassium, drip irrigation systems or hoses, insecticides, fungicides, and organic pest management solutions, hand tools (shovels, pruning shears, hoes) or tractors for planting, maintenance, and harvesting","Soil preparation: Apples prefer well-drained, loamy soils with a pH of 6.0 to 7.0. Prepare the soil by tilling and incorporating organic matter to improve fertility and drainage. Tree Selection: Choose disease-resistant apple varieties suited to your climate, considering factors such as fruit flavor and harvest time.",Planting time: The best time to plant apple trees is in the fall or early spring when the trees are dormant. Spacing and Depth: Space dwarf varieties 4-6 feet apart and standard varieties 10-15 feet apart to allow for proper growth and air circulation.,"Watering Requirements: Water young apple trees regularly to establish roots, especially during dry spells. Nutrient Management: Apply a balanced fertilizer in early spring and again in mid-season.",Young Tree Stage: Protect young trees from extreme weather and pests. Flowering and Fruit Development: Ensure consistent moisture during flowering and fruit set.,Optimal Harvest Time: Apples are typically ready for harvest 4-6 months after flowering. Harvesting Techniques: Use sharp pruning shears to cut apples from the tree.,"Storage Conditions: Store apples in a cool, dark place. They can be refrigerated to extend their shelf life. Processing: Apples can be processed into applesauce, cider, or dried slices.","Challenges: Susceptibility to pests and diseases, environmental stresses, improper pruning techniques. Solutions: Choose disease-resistant varieties, implement good cultural practices, and monitor environmental conditions."
Orange,"Oranges (Citrus sinensis) are one of the most popular citrus fruits worldwide, known for their sweet, tangy flavor and high vitamin C content. Oranges are widely consumed fresh or juiced, and they are also used in the production of marmalades and essential oils.","High-quality orange tree seedlings or grafted varieties from reputable nurseries, balanced fertilizers containing nitrogen, phosphorus, and potassium, drip irrigation systems or hoses, insecticides, fungicides, and organic pest management solutions, hand tools (pruning shears, hoes) or tractors for planting, maintenance, and harvesting.","Soil preparation: Oranges grow best in well-drained, sandy loam or loamy soils with a pH of 6.0 to 7.5. Prepare the soil by tilling and incorporating organic matter to improve fertility and drainage. Tree Selection: Choose disease-resistant orange varieties suited to your climate, considering factors such as fruit size and resistance to citrus greening.",Planting time: The best time to plant orange trees is during the rainy season or early spring when the trees are dormant. Spacing and Depth: Space rows 4-5 meters apart and trees 4-6 meters apart. Planting Depth: Ensure the root collar is level with the soil surface.,"Watering Requirements: Oranges require regular watering, especially during flowering, fruit set, and ripening. Nutrient Management: Apply a balanced fertilizer regularly. Use organic compost for soil health.","Seedling Stage: Protect young trees from extreme weather and pests. Vegetative Stage: Ensure the trees receive enough nutrients, particularly nitrogen. Flowering and Fruit Development: Ensure consistent moisture during flowering and fruit setting for better fruit development.",Optimal Harvest Time: Oranges are ready for harvest when the fruit changes color and can be easily detached from the tree. Harvesting Techniques: Use sharp pruning shears to cut the fruit from the tree.,"Storage Conditions: Store oranges in a cool, dry place at temperatures between 5°C and 10°C. Processing: Oranges can be processed into juice, marmalade, or essential oils. Packaging: Pack oranges in breathable containers or crates to prevent bruising.","Challenges: Susceptibility to pests like aphids, whiteflies, and diseases like citrus greening. Solutions: Use disease-resistant varieties, apply IPM strategies, and ensure proper irrigation and fertilization during growth stages."
Papaya,"Papayas (Carica papaya) are tropical fruit plants known for their sweet, juicy flesh and high nutritional value. Papayas are rich in vitamins A and C and are commonly used in fresh consumption, smoothies, juices, and desserts.","High-quality papaya seeds or tissue-cultured plantlets, balanced fertilizers containing nitrogen, phosphorus, and potassium, drip irrigation systems, insecticides and fungicides to manage pests, hand tools (shovels, hoes, rakes), mechanical harvesters for large-scale operations.","Papayas grow best in well-drained, sandy loam or loamy soils with a pH of 5.5 to 7.5. Prepare the soil by tilling and breaking up compacted layers. Add organic compost to improve soil structure and fertility.","Planting time: The best time to plant papayas is in spring after the last frost, or in tropical regions where temperatures are consistently warm. Row Spacing: Space rows 2.5-3 meters apart. Plant Spacing: Space plants 1.5-2 meters apart. Planting Depth: Plant seeds or seedlings at the same depth as their nursery height.","Papayas require consistent moisture, especially during early growth and fruit-setting stages. Water deeply but avoid waterlogging. Apply balanced fertilizers in early stages and increased potassium during flowering and fruiting to enhance fruit quality.","Seedling Stage: Protect young plants from extreme weather and pests. Vegetative Stage: Ensure plants receive adequate nutrients, especially nitrogen. Flowering and Fruit Development: Ensure consistent moisture and nutrient supply during flowering and fruit set to maximize yield.","Optimal Harvest Time: Papayas are ready for harvest when the fruit changes color (from green to yellow, orange, or red). Harvesting Techniques: Use a sharp knife or pruning shears to cut the fruit from the tree.","Storage Conditions: Store ripe papayas at room temperature for a few days. Processing: Papayas can be processed into juice, dried fruit, jams, or smoothies.","Challenges: Susceptibility to pests like aphids and fruit flies, diseases like powdery mildew and root rot. Solutions: Use disease-resistant varieties, implement IPM strategies, and ensure proper irrigation to maintain consistent growth."
Coconut,"Coconut (Cocos nucifera) is a tropical tree that produces the coconut fruit, which is used for its water, milk, oil, and meat. Coconut palms thrive in tropical climates and are vital to the economies of many coastal countries. Coconuts are rich in vitamins, minerals, and fiber and are used in a wide range of culinary, medicinal, and industrial applications.","High-quality coconut seedlings from reputable nurseries, balanced fertilizers containing nitrogen, phosphorus, and potassium, drip irrigation or sprinkler systems, insecticides and fungicides for controlling pests, hand tools (pruning shears, machetes), mechanical harvesters for large-scale coconut farming.","Coconuts grow best in well-drained, sandy loam or loamy soils with a pH of 5.0 to 8.0. Prepare the soil by tilling and breaking up compacted layers. Add organic compost to improve soil structure and fertility. Form raised beds or mounds to improve drainage.",Planting time: The best time to plant coconuts is during the rainy season or after the last frost. Row Spacing: Space rows 8-10 meters apart. Plant Spacing: Space plants 8-10 meters apart. Planting Depth: Plant seedlings at a depth where the root system can establish properly.,"Coconuts require consistent moisture, especially during the early stages of growth and during fruit formation. Drip irrigation is ideal for providing consistent moisture. Avoid waterlogging, as coconuts prefer well-drained soils.","Seedling Stage: Protect young coconut palms from extreme weather, pests, and diseases. Vegetative Stage: Ensure palms receive adequate nutrients, particularly nitrogen. Flowering and Fruit Development: Ensure consistent moisture and nutrients during flowering and fruit development for better fiber production.","Optimal Harvest Time: Coconuts are ready for harvest when the fruit is fully matured, and the husk turns brown. Harvesting Techniques: Cut the coconut from the tree using a sharp machete or harvesting pole.","Storage Conditions: Store coconuts in a cool, dry place to prevent spoilage. Processing: Coconuts can be processed into coconut water, milk, oil, or grated for culinary uses.","Challenges: Susceptibility to pests like root mealybugs, red palm weevils, and diseases like lethal yellowing. Solutions: Use disease-resistant varieties, implement IPM strategies, and ensure proper irrigation practices."
Cotton,"Cotton (Gossypium spp.) is one of the most important fiber crops in the world, used primarily in the textile industry. It is also an essential crop for its by-products, such as cottonseed oil and meal. Cotton is grown in tropical and subtropical regions, and the fibers are harvested from the cotton bolls after they mature.","High-quality cotton seeds from reputable suppliers, balanced fertilizers containing nitrogen, phosphorus, and potassium, drip irrigation or sprinkler systems, insecticides and fungicides for controlling pests, hand tools (pruning shears, hoes, rakes), mechanical harvesters for large-scale cotton farming.","Cotton grows best in well-drained, sandy loam or loamy soils with a pH of 5.5 to 7.5. Prepare the soil by tilling and incorporating organic matter to improve fertility. Cotton requires deep soil for root development.","Planting time: The best time to plant cotton is in the spring after the danger of frost has passed, and when the soil temperature is above 20°C. Row Spacing: Space rows 80-100 cm apart. Plant Spacing: Space plants 20-30 cm apart. Planting Depth: Plant seeds 2-3 cm deep.","Cotton requires consistent moisture during germination, flowering, and boll development. Once established, cotton is drought-tolerant. Water deeply, but avoid waterlogging. Apply balanced fertilizers and micronutrients for optimal growth and fiber production.","Seedling Stage: Protect young plants from extreme weather, pests, and diseases. Vegetative Stage: Ensure plants receive adequate nutrients, particularly nitrogen, for vegetative growth. Flowering and Boll Development: Ensure consistent moisture and nutrient supply during flowering and boll development.","Optimal Harvest Time: Cotton is ready for harvest when the bolls open, and the cotton fibers are exposed. Harvesting Techniques: Cotton is harvested using mechanical pickers or by hand for small-scale operations.","Storage Conditions: Store cotton in a dry, cool place to prevent spoilage. Processing: Cotton is ginned to separate fibers from seeds. Cotton can be processed into fabric, yarn, and cottonseed oil.","Challenges: Susceptibility to pests like boll weevils, aphids, and diseases like cotton blight. Solutions: Use disease-resistant varieties, apply IPM strategies, and ensure proper irrigation during critical growth stages."
Jute,"Jute (Corchorus spp.) is a fiber crop known for its strong and durable fibers, primarily used in the production of burlap, sacks, ropes, and mats. Jute is one of the most affordable and eco-friendly natural fibers, often referred to as the 'golden fiber' due to its color and value. It is widely cultivated in tropical and subtropical regions.","High-quality jute seeds from reputable suppliers, balanced fertilizers containing nitrogen, phosphorus, and potassium, drip irrigation or sprinkler systems, insecticides and fungicides for controlling pests, hand tools (pruning shears, rakes) for small-scale operations, mechanical harvesters for large-scale jute farming.","Jute grows best in well-drained, loamy soils with a pH of 6.0 to 7.5. Prepare the soil by tilling and incorporating organic compost to improve soil structure and fertility. Jute also benefits from soil rich in nutrients and moisture.",Planting time: The best time to plant jute is at the onset of the monsoon season when temperatures are warm and soil moisture is adequate. Row Spacing: Space rows 30-45 cm apart. Plant Spacing: Space plants 10-15 cm apart. Planting Depth: Plant seeds 2-3 cm deep.,"Jute requires regular watering throughout the growing season, especially during germination, flowering, and fiber development. Water the plants deeply but avoid waterlogging. Apply balanced fertilizers and micronutrients for optimal growth.","Seedling Stage: Protect young plants from extreme weather and pests. Vegetative Stage: Provide sufficient nutrients to encourage healthy growth, particularly nitrogen. Flowering and Fiber Development: Ensure consistent moisture during flowering and fiber development to enhance fiber quality.","Optimal Harvest Time: Jute is ready for harvest when the plant starts flowering, and the fibers are mature. Harvesting Techniques: Cut the jute plant at the base using a sharp knife or sickle. Separate the fibers after retting.","Storage Conditions: Store jute fibers in a cool, dry place to prevent moisture buildup. Processing: Jute can be processed into ropes, bags, mats, and other products. Packaging: Pack jute fibers in breathable bags to maintain air circulation.","Challenges: Susceptibility to pests like aphids and caterpillars, diseases like leaf spot and blight. Solutions: Use disease-resistant varieties, implement IPM strategies, and ensure proper irrigation practices."
Coffee,"Coffee (Coffea spp.) is one of the world’s most popular beverages, known for its stimulating properties and rich flavor. Coffee is grown mainly in tropical regions at higher altitudes. The beans are harvested from the coffee cherries, which contain two seeds (the coffee beans) that are processed to produce the beverage.","High-quality coffee seedlings or seeds from reputable nurseries, balanced fertilizers containing nitrogen, phosphorus, and potassium, drip irrigation systems or hoses, insecticides, fungicides, and organic pest management solutions, hand tools (pruning shears, hoes), mechanical harvesters for large-scale operations.","Soil preparation: Coffee grows best in well-drained, loamy soils with a pH of 6.0 to 6.5. Prepare the soil by tilling and incorporating organic matter to improve fertility. If planting in areas with poor drainage, use raised beds to prevent waterlogging.",Planting time: The best time to plant coffee is at the start of the rainy season when soil moisture is high. Row Spacing: Space rows 2.5-3 meters apart. Plant Spacing: Space plants 2-2.5 meters apart. Planting Depth: Plant seedlings at the same depth as they were in the nursery.,"Coffee plants require consistent moisture, especially during the growing and fruiting stages. Nutrient Management: Apply balanced fertilizers regularly. Use organic compost to enhance soil fertility.",Seedling Stage: Protect young coffee plants from extreme weather and pests. Vegetative Stage: Ensure plants receive sufficient nutrients. Flowering and Fruit Development: Ensure consistent moisture and nutrients during flowering and fruit development to maximize yield.,Optimal Harvest Time: Coffee cherries are ready for harvest when they turn a bright red color. Harvesting Techniques: Harvest by handpicking or using mechanical harvesters.,"Storage Conditions: Store processed beans in a cool, dry place. Processing: Coffee beans can be processed using the dry or wet method. Packaging: Pack roasted beans in vacuum-sealed or airtight containers to preserve freshness.","Challenges: Susceptibility to pests like coffee borer beetles and diseases like coffee leaf rust. Solutions: Use disease-resistant varieties, implement IPM strategies, and ensure proper irrigation."
